<?xml version="1.0" encoding="UTF-8" standalone="yes"?>
<addon id="repository.jokaorgua" name="Joka's XBMC Addons" version="1.0.0" provider-name="DmytroKovalenko">
	<extension point="xbmc.addon.repository" name="Joka's XBMC Addon Repository">
		<info compressed="false">http://jokaorgua.github.io/repository.jokaorgua/addons.xml</info>
		<checksum>http://jokaorgua.github.io/repository.jokaorgua/addons.xml.md5</checksum>
		<datadir zip="true">http://jokaorgua.github.io/repository.jokaorgua/</datadir>
	</extension>
	<extension point="xbmc.addon.metadata">
		<summary>Joka's Addon Repository</summary>
		<description>Download and install joka's addon repository!</description>
		<disclaimer></disclaimer>
		<platform>all</platform>
	</extension>
</addon>
