<?xml version="1.0" encoding="UTF-8" standalone="yes"?>
<addon id="plugin.video.seasonvar.ru.standalone" name="Seasonvar.ru" version="0.1.2" provider-name="DmytroKovalenko">
  <requires>
    <import addon="xbmc.python" version="2.7.10"/>
  </requires>
  <extension point="xbmc.python.pluginsource" library="addon.py">
    <provides>video</provides>
  </extension>
  <extension point="xbmc.addon.metadata">
    <summary lang="en_gb">Seasonvar.ru addon</summary>
    <description lang="en_gb">Seasonvar.ru addon for premium users</description>
    <disclaimer lang="en_gb"></disclaimer>
    <language></language>
    <platform>all</platform>
    <license></license>
    <forum></forum>
    <website></website>
    <email>admin@joka.org.ua</email>
    <source></source>
  </extension>
</addon>